F1,0,29.8599,-1.0000
F2,42,29.8411,0.1081
F3,83,28.9687,0.9465
F4,125,28.9213,0.2284
F5,167,29.8163,1.0941
F6,208,29.9652,0.1923
F7,250,29.9854,0.2607
F8,292,30.0723,0.1567
F9,333,30.7093,0.7845
F10,375,30.8098,0.2885
F11,417,30.8697,0.1913
F12,458,30.8866,0.1237
F13,500,30.8317,0.1735
F14,542,30.8002,0.1305
F15,583,30.7899,0.1069
F16,625,30.7767,0.0876
F17,667,30.7832,0.1292
F18,708,30.8066,0.0886
F19,750,30.7973,0.0785
F20,792,30.7978,0.0683
F21,833,30.8125,0.0909
F22,875,30.8727,0.0978
F23,917,30.8624,0.1004
F24,958,30.8782,0.0677
F25,1000,30.8535,0.0990
F26,1042,30.9683,0.1602
F27,1083,30.8691,0.1540
F28,1125,30.9119,0.1111
F29,1167,30.8558,0.1335
F30,1208,31.1495,0.3315
F31,1250,30.9020,0.3114
F32,1292,31.0008,0.1562
F33,1333,30.9194,0.1965
F34,1375,31.1954,0.3393
F35,1417,31.1261,0.2392
F36,1458,31.2141,0.2304
F37,1500,31.1295,0.2825
F38,1542,31.4123,0.3664
F39,1583,31.3183,0.2192
F40,1625,31.3319,0.2006
F41,1667,31.3467,0.2539
F42,1708,31.5143,0.2635
F43,1750,31.5167,0.1342
F44,1792,31.5132,0.1521
F45,1833,31.4390,0.2044
F46,1875,31.5488,0.1952
F47,1917,31.5004,0.1242
F48,1958,31.5105,0.1375
F49,2000,31.5685,0.5946
F50,2042,31.6387,0.1038
F51,2083,31.6395,0.0704
F52,2125,31.6184,0.1381
F53,2167,31.5948,0.1254
F54,2208,31.6224,0.1224
F55,2250,31.6040,0.1225
F56,2292,31.5978,0.1243
F57,2333,31.6277,0.1478
F58,2375,31.6598,0.1035
F59,2417,31.6610,0.0986
F60,2458,31.6543,0.0969
F61,2500,31.6533,0.1039
F62,2542,31.6649,0.0859
F63,2583,31.6593,0.0791
F64,2625,31.6598,0.0836
F65,2667,31.6597,0.1143
F66,2708,31.6651,0.0732
F67,2750,31.6638,0.0799
F68,2792,31.6544,0.0789
F69,2833,31.6519,0.1077
F70,2875,31.6579,0.0795
F71,2917,31.6448,0.0873
F72,2958,31.6317,0.0999
F73,3000,31.6425,0.1159
F74,3042,31.6558,0.0732
F75,3083,31.6501,0.0858
F76,3125,31.6444,0.0839
F77,3167,31.6408,0.1013
F78,3208,31.6510,0.0802
F79,3250,31.6374,0.0880
F80,3292,31.6332,0.0793
F81,3333,31.6584,0.1187
F82,3375,31.6736,0.0721
F83,3417,31.6809,0.0759
F84,3458,31.6813,0.0836
F85,3500,31.6858,0.0985
F86,3542,31.6917,0.0675
F87,3583,31.6851,0.0746
F88,3625,31.6764,0.0696
F89,3667,31.6810,0.0940
F90,3708,31.6824,0.0566
F91,3750,31.6727,0.0579
F92,3792,31.6618,0.0638
F93,3833,31.6668,0.0816
F94,3875,31.6704,0.0497
F95,3917,31.6672,0.0585
F96,3958,31.6616,0.0594
F97,4000,31.7071,0.3955
F98,4042,31.7115,0.0181
F99,4083,31.7090,0.0296
F100,4125,31.7049,0.0535
F101,4167,31.7037,0.0546
F102,4208,31.7137,0.0492
F103,4250,31.7033,0.0539
F104,4292,31.6985,0.0606
F105,4333,31.7079,0.0655
F106,4375,31.7408,0.0655
F107,4417,31.7400,0.0659
F108,4458,31.7381,0.0705
F109,4500,31.7324,0.0701
F110,4542,31.7680,0.0756
F111,4583,31.7403,0.0728
F112,4625,31.7331,0.0739
F113,4667,31.7513,0.1007
F114,4708,31.8513,0.1340
F115,4750,31.8047,0.1242
F116,4792,31.8006,0.0910
F117,4833,31.7937,0.1124
F118,4875,31.8997,0.1654
F119,4917,31.8272,0.1567
F120,4958,31.8019,0.1108
F121,5000,31.8956,0.2009
F122,5042,32.0701,0.2656
F123,5083,32.0302,0.2320
F124,5125,32.0040,0.1968
F125,5167,31.9928,0.2506
F126,5208,32.1052,0.2676
F127,5250,31.9661,0.2763
F128,5292,31.8884,0.2065
F129,5333,32.1526,0.3791
F130,5375,32.2691,0.2215
F131,5417,32.2881,0.1800
F132,5458,32.2869,0.1717
F133,5500,32.2872,0.2254
F134,5542,32.3187,0.1846
F135,5583,32.1703,0.2490
F136,5625,32.0930,0.2150
F137,5667,32.2647,0.3195
F138,5708,32.3380,0.1919
F139,5750,32.2569,0.1903
F140,5792,32.2132,0.1905
F141,5833,32.1856,0.2417
F142,5875,32.2768,0.2461
F143,5917,32.1180,0.2697
F144,5958,31.9998,0.2274
F145,6000,32.2067,0.7559
F146,6042,32.3391,0.2093
F147,6083,32.2792,0.1878
F148,6125,32.2262,0.2066
F149,6167,32.2960,0.2497
F150,6208,32.3767,0.2199
F151,6250,32.2746,0.2143
F152,6292,32.1960,0.2045
F153,6333,32.3978,0.3044
F154,6375,32.4492,0.1483
F155,6417,32.4197,0.1360
F156,6458,32.4055,0.1546
F157,6500,32.4306,0.1769
F158,6542,32.4437,0.1346
F159,6583,32.3440,0.1825
F160,6625,32.2696,0.1919
F161,6667,32.4200,0.2630
F162,6708,32.4679,0.1343
F163,6750,32.4146,0.1509
F164,6792,32.3586,0.1573
F165,6833,32.4403,0.2043
F166,6875,32.4663,0.1282
F167,6917,32.4099,0.1415
F168,6958,32.3593,0.1599
F169,7000,32.4523,0.2094
F170,7042,32.4750,0.1041
F171,7083,32.4326,0.1235
F172,7125,32.3937,0.1473
F173,7167,32.4285,0.1773
F174,7208,32.4522,0.1199
F175,7250,32.3846,0.1399
F176,7292,32.3090,0.1778
F177,7333,32.4676,0.2446
F178,7375,32.4975,0.0963
F179,7417,32.4952,0.0928
F180,7458,32.4968,0.1167
F181,7500,32.4996,0.1185
F182,7542,32.5112,0.0857
F183,7583,32.5068,0.0950
F184,7625,32.4994,0.0946
F185,7667,32.5154,0.1203
F186,7708,32.5252,0.0942
F187,7750,32.5186,0.0885
F188,7792,32.5097,0.1002
F189,7833,32.5148,0.1111
F190,7875,32.5233,0.0742
F191,7917,32.5103,0.0863
F192,7958,32.5001,0.0851
F193,8000,32.5431,0.4251
F194,8042,32.5475,0.0271
F195,8083,32.5401,0.0370
F196,8125,32.5311,0.0924
F197,8167,32.5276,0.0897
F198,8208,32.5324,0.0828
F199,8250,32.5064,0.1033
F200,8292,32.4882,0.1185
F201,8333,32.5082,0.1265
F202,8375,32.5191,0.0856
F203,8417,32.5210,0.0799
F204,8458,32.5101,0.0974
F205,8500,32.5122,0.1001
F206,8542,32.5230,0.0791
F207,8583,32.5160,0.0803
F208,8625,32.5074,0.0866
F209,8667,32.5207,0.1154
F210,8708,32.5358,0.0741
F211,8750,32.5330,0.0718
F212,8792,32.5318,0.0831
F213,8833,32.5296,0.0988
F214,8875,32.5346,0.0675
F215,8917,32.5297,0.0773
F216,8958,32.5145,0.0842
F217,9000,32.5156,0.1039
F218,9042,32.5195,0.0700
F219,9083,32.5166,0.0749
F220,9125,32.4959,0.0858
F221,9167,32.4974,0.1088
F222,9208,32.5064,0.0814
F223,9250,32.4948,0.0878
F224,9292,32.4839,0.0874
F225,9333,32.4919,0.1092
F226,9375,32.5024,0.0819
F227,9417,32.4945,0.0926
F228,9458,32.4899,0.0886
F229,9500,32.4944,0.1123
F230,9542,32.5033,0.0712
F231,9583,32.5025,0.0824
F232,9625,32.4985,0.0870
F233,9667,32.5076,0.1135
F234,9708,32.5148,0.0832
F235,9750,32.5078,0.0924
F236,9792,32.4983,0.0829
F237,9833,32.5006,0.1177
F238,9875,32.5066,0.0720
F239,9917,32.4907,0.0806
F240,9958,32.4708,0.0909
F241,10000,32.5290,0.4142
F242,10042,32.5352,0.0242
F243,10083,32.5328,0.0420
F244,10125,32.5218,0.0809
F245,10167,32.5207,0.0831
F246,10208,32.5196,0.0931
F247,10250,32.5140,0.0781
F248,10292,32.5056,0.0929
F249,10333,32.5128,0.1027
F250,10375,32.5191,0.0847
F251,10417,32.5092,0.0866
F252,10458,32.4918,0.1050
F253,10500,32.4984,0.1132
F254,10542,32.5083,0.0833
F255,10583,32.5022,0.0951
F256,10625,32.4876,0.1008
F257,10667,32.5020,0.1264
F258,10708,32.5097,0.0730
F259,10750,32.4997,0.0855
F260,10792,32.4940,0.0787
F261,10833,32.4957,0.0925
F262,10875,32.5078,0.0680
F263,10917,32.5027,0.0758
F264,10958,32.4905,0.0920
F265,11000,32.4980,0.1144
F266,11042,32.5056,0.0759
F267,11083,32.5046,0.0810
F268,11125,32.4964,0.0782
F269,11167,32.4907,0.0889
F270,11208,32.4980,0.0703
F271,11250,32.4916,0.0781
F272,11292,32.4813,0.0781
F273,11333,32.4868,0.1025
F274,11375,32.4992,0.0572
F275,11417,32.4997,0.0743
F276,11458,32.4939,0.0868
F277,11500,32.4959,0.1078
F278,11542,32.5076,0.0595
F279,11583,32.5004,0.0784
F280,11625,32.4880,0.0874
F281,11667,32.4968,0.0963
F282,11708,32.5149,0.0750
F283,11750,32.5132,0.0706
F284,11792,32.5110,0.0740
F285,11833,32.5046,0.0888
F286,11875,32.5138,0.0693
F287,11917,32.5057,0.0704
F288,11958,32.4959,0.0750
F289,12000,32.5560,0.3898
F290,12042,32.5649,0.0294
F291,12083,32.5608,0.0412
F292,12125,32.5579,0.0661
F293,12167,32.5549,0.0749
F294,12208,32.5638,0.0662
F295,12250,32.5531,0.0797
F296,12292,32.5423,0.0872
F297,12333,32.5351,0.1014
F298,12375,32.5475,0.0906
F299,12417,32.5294,0.0914
F300,12458,32.5178,0.0881
F301,12500,32.5153,0.1039
F302,12542,32.5220,0.0709
F303,12583,32.5078,0.0905
F304,12625,32.4996,0.0895
F305,12667,32.5178,0.1216
F306,12708,32.5314,0.0696
F307,12750,32.5340,0.0743
F308,12792,32.5269,0.0751
F309,12833,32.5270,0.0967
F310,12875,32.5389,0.0739
F311,12917,32.5279,0.0771
F312,12958,32.5138,0.0999
F313,13000,32.5290,0.1151
F314,13042,32.5477,0.0773
F315,13083,32.5457,0.0726
F316,13125,32.5433,0.0711
F317,13167,32.5360,0.1021
F318,13208,32.5468,0.0718
F319,13250,32.5296,0.0846
F320,13292,32.5193,0.0899
F321,13333,32.5245,0.1101
F322,13375,32.5340,0.0731
F323,13417,32.5226,0.0854
F324,13458,32.5119,0.0853
F325,13500,32.5142,0.0996
F326,13542,32.5248,0.0668
F327,13583,32.5066,0.0848
F328,13625,32.5012,0.0833
F329,13667,32.5132,0.1057
F330,13708,32.5329,0.0720
F331,13750,32.5252,0.0747
F332,13792,32.5213,0.0867
F333,13833,32.5195,0.1105
F334,13875,32.5305,0.0654
F335,13917,32.5159,0.0815
F336,13958,32.5110,0.0752
F337,14000,32.5724,0.3881
F338,14042,32.5821,0.0289
F339,14083,32.5823,0.0381
F340,14125,32.5846,0.0777
F341,14167,32.5783,0.0828
F342,14208,32.5927,0.0733
F343,14250,32.5770,0.0821
F344,14292,32.5634,0.0860
F345,14333,32.5618,0.0949
F346,14375,32.5786,0.0688
F347,14417,32.5641,0.0762
F348,14458,32.5567,0.0769
F349,14500,32.5556,0.0906
F350,14542,32.5641,0.0603
F351,14583,32.5542,0.0669
F352,14625,32.5456,0.0760
F353,14667,32.5520,0.0891
F354,14708,32.5695,0.0631
F355,14750,32.5613,0.0698
F356,14792,32.5590,0.0623
F357,14833,32.5563,0.0817
F358,14875,32.5685,0.0573
F359,14917,32.5574,0.0675
F360,14958,32.5532,0.0674
F361,15000,32.5597,0.0911
F362,15042,32.5889,0.0686
F363,15083,32.5759,0.0760
F364,15125,32.6139,0.0830
F365,15167,32.5713,0.1064
F366,15208,32.5795,0.0630
F367,15250,32.5609,0.0714
F368,15292,32.5574,0.0526
F369,15333,32.5455,0.0808
F370,15375,32.5541,0.0645
F371,15417,32.5394,0.0770
F372,15458,32.5296,0.0731
F373,15500,32.5261,0.0855
F374,15542,32.5406,0.0580
F375,15583,32.5273,0.0704
F376,15625,32.5248,0.0623
F377,15667,32.5268,0.0901
F378,15708,32.5448,0.0657
F379,15750,32.5387,0.0704
F380,15792,32.5425,0.0646
F381,15833,32.5352,0.0893
F382,15875,32.5501,0.0571
F383,15917,32.5405,0.0779
F384,15958,32.5332,0.0637
F385,16000,32.5864,0.4034
F386,16042,32.5945,0.0242
F387,16083,32.5895,0.0337
F388,16125,32.5948,0.0493
F389,16167,32.5871,0.0666
F390,16208,32.6093,0.0727
F391,16250,32.5806,0.0777
F392,16292,32.5713,0.0646
F393,16333,32.5671,0.0781
F394,16375,32.5919,0.0703
F395,16417,32.5699,0.0775
F396,16458,32.5819,0.0700
F397,16500,32.5607,0.0982
F398,16542,32.5902,0.0748
F399,16583,32.5541,0.0935
F400,16625,32.5451,0.0710
F401,16667,32.5554,0.0851
F402,16708,32.5903,0.0742
F403,16750,32.5753,0.0799
F404,16792,32.6458,0.1041
F405,16833,32.5801,0.1305
F406,16875,32.6018,0.0692
F407,16917,32.5707,0.0842
F408,16958,32.5796,0.0628
F409,17000,32.5765,0.0926
F410,17042,32.6117,0.0719
F411,17083,32.5780,0.0892
F412,17125,32.6266,0.1002
F413,17167,32.5749,0.1230
F414,17208,32.6037,0.0823
F415,17250,32.5681,0.0920
F416,17292,32.5878,0.0685
F417,17333,32.5877,0.1004
F418,17375,32.6513,0.1115
F419,17417,32.5926,0.1155
F420,17458,32.7188,0.1838
F421,17500,32.5922,0.2031
F422,17542,32.6299,0.0965
F423,17583,32.5768,0.1078
F424,17625,32.5933,0.0746
F425,17667,32.5982,0.1087
F426,17708,32.6703,0.1221
F427,17750,32.5982,0.1338
F428,17792,32.7929,0.2546
F429,17833,32.6685,0.2487
F430,17875,32.6968,0.1186
F431,17917,32.5807,0.1640
F432,17958,32.6645,0.1366
F433,18000,32.6838,0.5714
F434,18042,32.7287,0.0980
F435,18083,32.6276,0.1448
F436,18125,32.7862,0.2143
F437,18167,32.6438,0.2215
F438,18208,32.6811,0.1204
F439,18250,32.5991,0.1362
F440,18292,32.6741,0.1505
F441,18333,32.6748,0.1709
F442,18375,32.8050,0.2109
F443,18417,32.6386,0.2360
F444,18458,32.9408,0.3656
F445,18500,32.7854,0.2886
F446,18542,32.8417,0.1710
F447,18583,32.6067,0.2905
F448,18625,32.7732,0.2326
F449,18667,32.7459,0.2286
F450,18708,32.8520,0.1892
F451,18750,32.6450,0.2651
F452,18792,32.9524,0.3550
F453,18833,32.7685,0.3165
F454,18875,32.8267,0.1680
F455,18917,32.6419,0.2417
F456,18958,32.8911,0.3214
F457,19000,32.7914,0.2780
F458,19042,32.8846,0.1879
F459,19083,32.6789,0.2723
F460,19125,32.9874,0.3689
F461,19167,32.8032,0.3008
F462,19208,32.8364,0.1674
F463,19250,32.6259,0.2618
F464,19292,32.8212,0.2645
F465,19333,32.8016,0.2439
F466,19375,32.9165,0.2103
F467,19417,32.6917,0.2828
F468,19458,33.0473,0.4214
F469,19500,32.7779,0.3860
F470,19542,32.8231,0.1763
F471,19583,32.6247,0.2608
F472,19625,32.7940,0.2409
F473,19667,32.8665,0.2743
F474,19708,33.0111,0.2345
F475,19750,32.7915,0.2947
F476,19792,33.1528,0.4440
F477,19833,33.0106,0.2830
F478,19875,33.0448,0.1630
F479,19917,32.7303,0.3774
F480,19958,33.1013,0.4358
F481,20000,33.0279,0.7195
F482,20042,33.0871,0.1087
F483,20083,32.8900,0.2664
F484,20125,33.2060,0.4003
F485,20167,33.0355,0.3057
F486,20208,33.0696,0.1844
F487,20250,32.7697,0.3599
F488,20292,33.1240,0.4517
F489,20333,32.9967,0.3125
F490,20375,33.0628,0.1972
F491,20417,32.8052,0.3228
F492,20458,33.1713,0.4401
F493,20500,32.9985,0.3243
F494,20542,33.0452,0.1768
F495,20583,32.7714,0.3357
F496,20625,33.1095,0.4173
F497,20667,33.0742,0.2566
F498,20708,33.1414,0.1665
F499,20750,32.9470,0.2766
F500,20792,33.1991,0.3431
F501,20833,33.1346,0.2013
F502,20875,33.1730,0.1506
F503,20917,32.9197,0.3191
F504,20958,33.1959,0.3524
F505,21000,33.1343,0.2274
F506,21042,33.1755,0.1575
F507,21083,32.9540,0.3061
F508,21125,33.2331,0.3563
F509,21167,33.0788,0.2662
F510,21208,33.1197,0.1625
F511,21250,32.8791,0.3236
F512,21292,33.1681,0.3881
F513,21333,33.1501,0.2511
F514,21375,33.2204,0.1572
F515,21417,33.1087,0.1918
F516,21458,33.2572,0.2423
F517,21500,33.2077,0.1771
F518,21542,33.2311,0.1216
F519,21583,33.0580,0.2386
F520,21625,33.2472,0.2817
F521,21667,33.1782,0.2047
F522,21708,33.2231,0.1461
F523,21750,33.0927,0.2254
F524,21792,33.2694,0.2660
F525,21833,33.1752,0.2099
F526,21875,33.2053,0.1409
F527,21917,33.0431,0.2367
F528,21958,33.2513,0.3004
F529,22000,33.2465,0.5820
F530,22042,33.2752,0.0727
F531,22083,33.2174,0.1373
F532,22125,33.3164,0.1939
F533,22167,33.2666,0.1506
F534,22208,33.2792,0.1232
F535,22250,33.1352,0.2206
F536,22292,33.2774,0.2348
F537,22333,33.2896,0.1530
F538,22375,33.3159,0.1069
F539,22417,33.2893,0.1239
F540,22458,33.3199,0.1369
F541,22500,33.3071,0.1335
F542,22542,33.3177,0.0909
F543,22583,33.2426,0.1474
F544,22625,33.2830,0.1512
F545,22667,33.3027,0.1261
F546,22708,33.3196,0.0984
F547,22750,33.2869,0.1228
F548,22792,33.3107,0.1254
F549,22833,33.2864,0.1443
F550,22875,33.2962,0.1011
F551,22917,33.1940,0.1791
F552,22958,33.2786,0.1908
F553,23000,33.2977,0.1467
F554,23042,33.3328,0.1043
F555,23083,33.3197,0.1150
F556,23125,33.3383,0.1161
F557,23167,33.3231,0.1280
F558,23208,33.3309,0.0969
F559,23250,33.2736,0.1312
F560,23292,33.3077,0.1321
F561,23333,33.3364,0.1405
F562,23375,33.3598,0.1004
F563,23417,33.3484,0.1120
F564,23458,33.3534,0.1081
F565,23500,33.3483,0.1170
F566,23542,33.3565,0.0856
F567,23583,33.3248,0.1085
F568,23625,33.3272,0.1144
F569,23667,33.3521,0.1279
F570,23708,33.3718,0.1017
F571,23750,33.3740,0.0835
F572,23792,33.3747,0.0795
F573,23833,33.3679,0.1117
F574,23875,33.3722,0.0758
F575,23917,33.3483,0.1044
F576,23958,33.3503,0.0987
F577,24000,33.4172,0.4409
F578,24042,33.4285,0.0327
F579,24083,33.4264,0.0458
F580,24125,33.4256,0.0889
F581,24167,33.4119,0.0923
F582,24208,33.4217,0.0860
F583,24250,33.4045,0.0979
F584,24292,33.3999,0.1096
F585,24333,33.4171,0.1283
F586,24375,33.4367,0.0854
F587,24417,33.4351,0.0827
F588,24458,33.4386,0.0871
F589,24500,33.4283,0.0937
F590,24542,33.4351,0.0734
F591,24583,33.4164,0.0924
F592,24625,33.4118,0.0839
F593,24667,33.4229,0.1114
F594,24708,33.4504,0.0712
F595,24750,33.4619,0.0770
F596,24792,33.4448,0.0869
F597,24833,33.4339,0.0920
F598,24875,33.4451,0.0742
F599,24917,33.4253,0.0886
F600,24958,33.4096,0.0923
F601,25000,33.4145,0.1012
F602,25042,33.4294,0.0689
F603,25083,33.4127,0.0859
F604,25125,33.4086,0.0878
F605,25167,33.4013,0.0998
F606,25208,33.4164,0.0740
F607,25250,33.4007,0.0914
F608,25292,33.3937,0.0934
F609,25333,33.4150,0.1211
F610,25375,33.4462,0.0775
F611,25417,33.4482,0.0669
F612,25458,33.4513,0.0793
F613,25500,33.4443,0.0954
F614,25542,33.4573,0.0598
F615,25583,33.4434,0.0768
F616,25625,33.4396,0.0730
F617,25667,33.4439,0.0863
F618,25708,33.4788,0.0894
F619,25750,33.4720,0.0952
F620,25792,33.4599,0.0825
F621,25833,33.4421,0.0953
F622,25875,33.4497,0.0616
F623,25917,33.4354,0.0758
F624,25958,33.4258,0.0800
F625,26000,33.4882,0.4246
F626,26042,33.5071,0.0387
F627,26083,33.5287,0.0729
F628,26125,33.5206,0.0878
F629,26167,33.5008,0.0951
F630,26208,33.5252,0.0942
F631,26250,33.4914,0.1074
F632,26292,33.4755,0.0894
F633,26333,33.4700,0.0917
F634,26375,33.4887,0.0783
F635,26417,33.4624,0.0979
F636,26458,33.4501,0.1018
F637,26500,33.4495,0.1039
F638,26542,33.4679,0.0878
F639,26583,33.4529,0.0738
F640,26625,33.4442,0.0830
F641,26667,33.4481,0.0974
F642,26708,33.4751,0.0820
F643,26750,33.4645,0.0870
F644,26792,33.4598,0.0855
F645,26833,33.4461,0.1098
F646,26875,33.4590,0.0764
F647,26917,33.4411,0.0927
F648,26958,33.4364,0.0855
F649,27000,33.4482,0.1042
F650,27042,33.4744,0.0781
F651,27083,33.4640,0.0831
F652,27125,33.4615,0.0819
F653,27167,33.4547,0.1105
F654,27208,33.4682,0.0647
F655,27250,33.4482,0.0909
F656,27292,33.4450,0.0865
F657,27333,33.4514,0.1036
F658,27375,33.4703,0.0759
F659,27417,33.4629,0.0768
F660,27458,33.4564,0.0824
F661,27500,33.4515,0.1035
F662,27542,33.4609,0.0741
F663,27583,33.4436,0.0842
F664,27625,33.4328,0.1040
F665,27667,33.4448,0.1092
F666,27708,33.4657,0.0772
F667,27750,33.4690,0.0818
F668,27792,33.4681,0.0881
F669,27833,33.4672,0.1036
F670,27875,33.4823,0.0794
F671,27917,33.4647,0.0909
F672,27958,33.4554,0.0890
F673,28000,33.4922,0.4191
F674,28042,33.5013,0.0304
F675,28083,33.4967,0.0441
F676,28125,33.4860,0.0828
F677,28167,33.4802,0.0878
F678,28208,33.4801,0.0925
F679,28250,33.4593,0.0923
F680,28292,33.4449,0.0971
F681,28333,33.4512,0.1125
F682,28375,33.4636,0.0797
F683,28417,33.4542,0.0828
F684,28458,33.4464,0.0900
F685,28500,33.4421,0.1011
F686,28542,33.4437,0.0801
F687,28583,33.4277,0.0874
F688,28625,33.4144,0.1012
F689,28667,33.4279,0.1065
F690,28708,33.4420,0.0727
F691,28750,33.4393,0.0688
F692,28792,33.4335,0.0748
F693,28833,33.4336,0.0871
F694,28875,33.4426,0.0698
F695,28917,33.4278,0.0824
F696,28958,33.4198,0.0791
F697,29000,33.4360,0.1076
F698,29042,33.4557,0.0681
F699,29083,33.4555,0.0692
F700,29125,33.4522,0.0826
F701,29167,33.4468,0.1024
F702,29208,33.4555,0.0717
F703,29250,33.4340,0.0821
F704,29292,33.4210,0.0956
F705,29333,33.4349,0.1179
F706,29375,33.4483,0.0740
F707,29417,33.4460,0.0785
F708,29458,33.4373,0.0959
F709,29500,33.4344,0.1009
F710,29542,33.4451,0.0659
F711,29583,33.4291,0.0891
F712,29625,33.4197,0.0954
F713,29667,33.4348,0.1109
F714,29708,33.4531,0.0728
F715,29750,33.4530,0.0781
F716,29792,33.4539,0.0775
F717,29833,33.4439,0.1038
F718,29875,33.4499,0.0795
F719,29917,33.4301,0.0938
F720,29958,33.4209,0.0842
F721,30000,33.4499,0.4195
F722,30042,33.4607,0.0312
F723,30083,33.4577,0.0440
F724,30125,33.4504,0.0897
F725,30167,33.4376,0.0985
F726,30208,33.4442,0.0852
F727,30250,33.4131,0.1120
F728,30292,33.4048,0.0958
F729,30333,33.4198,0.1227
F730,30375,33.4432,0.0923
F731,30417,33.4351,0.0925
F732,30458,33.4283,0.1043
F733,30500,33.4186,0.1222
F734,30542,33.4295,0.0809
F735,30583,33.4093,0.1037
F736,30625,33.4078,0.0967
F737,30667,33.4120,0.1056
F738,30708,33.4241,0.0891
F739,30750,33.4195,0.0921
F740,30792,33.4136,0.1102
F741,30833,33.4103,0.1148
F742,30875,33.4200,0.0737
F743,30917,33.4064,0.0906
F744,30958,33.4032,0.0756
F745,31000,33.4026,0.1039
F746,31042,33.4132,0.0766
F747,31083,33.4003,0.0945
F748,31125,33.4016,0.0997
F749,31167,33.3947,0.1092
F750,31208,33.4032,0.0832
F751,31250,33.3794,0.0951
F752,31292,33.3826,0.0987
F753,31333,33.4052,0.1174
F754,31375,33.4255,0.0827
F755,31417,33.4279,0.0672
F756,31458,33.4307,0.0748
F757,31500,33.4270,0.0983
F758,31542,33.4376,0.0689
F759,31583,33.4264,0.0780
F760,31625,33.4239,0.0836
F761,31667,33.4371,0.1108
F762,31708,33.4541,0.0730
F763,31750,33.4543,0.0777
F764,31792,33.4453,0.0756
F765,31833,33.4436,0.0903
F766,31875,33.4503,0.0713
F767,31917,33.4377,0.0811
F768,31958,33.4325,0.0747
F769,32000,33.4629,0.4038
F770,32042,33.4706,0.0229
F771,32083,33.4637,0.0388
F772,32125,33.4596,0.0689
F773,32167,33.4574,0.0883
F774,32208,33.4653,0.0686
F775,32250,33.4489,0.0850
F776,32292,33.4309,0.1038
F777,32333,33.4422,0.1109
F778,32375,33.4574,0.0866
F779,32417,33.4452,0.0851
F780,32458,33.4401,0.0881
F781,32500,33.4346,0.1028
F782,32542,33.4453,0.0838
F783,32583,33.4196,0.0964
F784,32625,33.4151,0.0922
F785,32667,33.4111,0.1115
F786,32708,33.4198,0.0734
F787,32750,33.3998,0.0961
F788,32792,33.3898,0.1056
F789,32833,33.3848,0.1302
F790,32875,33.3944,0.0801
F791,32917,33.3584,0.1071
F792,32958,33.3711,0.1024
F793,33000,33.3850,0.1225
F794,33042,33.4068,0.0883
F795,33083,33.3962,0.0975
F796,33125,33.4001,0.1027
F797,33167,33.3911,0.1179
F798,33208,33.3994,0.0853
F799,33250,33.3644,0.1066
F800,33292,33.3702,0.1191
F801,33333,33.3786,0.1184
F802,33375,33.3916,0.0858
F803,33417,33.3759,0.1075
F804,33458,33.3859,0.1053
F805,33500,33.3759,0.1273
F806,33542,33.3799,0.0927
F807,33583,33.3249,0.1242
F808,33625,33.3622,0.1180
F809,33667,33.3783,0.1217
F810,33708,33.3949,0.0792
F811,33750,33.3827,0.0938
F812,33792,33.3863,0.0966
F813,33833,33.3785,0.1143
F814,33875,33.3893,0.0887
F815,33917,33.3593,0.1139
F816,33958,33.3725,0.1102
F817,34000,33.4096,0.4152
F818,34042,33.4198,0.0296
F819,34083,33.4175,0.0475
F820,34125,33.4109,0.0962
F821,34167,33.4107,0.1013
F822,34208,33.4154,0.0885
F823,34250,33.3892,0.1002
F824,34292,33.3857,0.1058
F825,34333,33.3973,0.1191
F826,34375,33.4048,0.0703
F827,34417,33.3969,0.0880
F828,34458,33.3980,0.0907
F829,34500,33.3882,0.1126
F830,34542,33.3924,0.0830
F831,34583,33.3580,0.0963
F832,34625,33.3585,0.1060
F833,34667,33.3755,0.1150
F834,34708,33.3917,0.0859
F835,34750,33.3731,0.0944
F836,34792,33.3780,0.0979
F837,34833,33.3708,0.1107
F838,34875,33.3773,0.0828
F839,34917,33.3332,0.1197
F840,34958,33.3535,0.1187
F841,35000,33.3640,0.1221
F842,35042,33.3754,0.0867
F843,35083,33.3568,0.0950
F844,35125,33.3559,0.1067
F845,35167,33.3533,0.1151
F846,35208,33.3666,0.0824
F847,35250,33.3338,0.1019
F848,35292,33.3465,0.1046
F849,35333,33.3591,0.1167
F850,35375,33.3783,0.0829
F851,35417,33.3594,0.1025
F852,35458,33.3670,0.1125
F853,35500,33.3567,0.1283
F854,35542,33.3627,0.0769
F855,35583,33.3233,0.1174
F856,35625,33.3369,0.1027
F857,35667,33.3540,0.1111
F858,35708,33.3660,0.0841
F859,35750,33.3567,0.0895
F860,35792,33.3533,0.0939
F861,35833,33.3522,0.1133
F862,35875,33.3577,0.0795
F863,35917,33.3250,0.0985
F864,35958,33.3326,0.0913
F865,36000,33.3783,0.4195
F866,36042,33.3861,0.0280
F867,36083,33.3756,0.0510
F868,36125,33.3846,0.0938
F869,36167,33.3687,0.1007
F870,36208,33.3738,0.0991
F871,36250,33.3269,0.1118
F872,36292,33.3309,0.0994
F873,36333,33.3421,0.1129
F874,36375,33.3583,0.0802
F875,36417,33.3261,0.1145
F876,36458,33.3374,0.1053
F877,36500,33.3271,0.1121
F878,36542,33.3364,0.0796
F879,36583,33.2628,0.1461
F880,36625,33.3130,0.1438
F881,36667,33.3264,0.1137
F882,36708,33.3477,0.0932
F883,36750,33.3352,0.0956
F884,36792,33.3372,0.1035
F885,36833,33.3232,0.1183
F886,36875,33.3258,0.0903
F887,36917,33.2754,0.1195
F888,36958,33.3010,0.1219
F889,37000,33.3074,0.1256
F890,37042,33.3246,0.0795
F891,37083,33.2925,0.1180
F892,37125,33.3043,0.1122
F893,37167,33.2900,0.1150
F894,37208,33.2945,0.0738
F895,37250,33.2267,0.1281
F896,37292,33.2633,0.1299
F897,37333,33.2763,0.1149
F898,37375,33.3027,0.0949
F899,37417,33.2741,0.1193
F900,37458,33.3057,0.1169
F901,37500,33.2833,0.1315
F902,37542,33.2917,0.0963
F903,37583,33.1931,0.1711
F904,37625,33.2741,0.1776
F905,37667,33.2733,0.1413
F906,37708,33.2943,0.0899
F907,37750,33.2535,0.1224
F908,37792,33.2817,0.1332
F909,37833,33.2693,0.1244
F910,37875,33.2840,0.0920
F911,37917,33.1957,0.1546
F912,37958,33.2603,0.1571
F913,38000,33.2771,0.4651
F914,38042,33.2954,0.0469
F915,38083,33.2569,0.0862
F916,38125,33.2889,0.1205
F917,38167,33.2618,0.1121
F918,38208,33.2705,0.1040
F919,38250,33.1513,0.1920
F920,38292,33.2433,0.1763
F921,38333,33.2454,0.1304
F922,38375,33.2722,0.1036
F923,38417,33.2129,0.1371
F924,38458,33.2606,0.1499
F925,38500,33.2416,0.1292
F926,38542,33.2570,0.1001
F927,38583,33.1329,0.1950
F928,38625,33.2295,0.1914
F929,38667,33.2689,0.1342
F930,38708,33.2970,0.0942
F931,38750,33.2925,0.0963
F932,38792,33.3027,0.1076
F933,38833,33.2906,0.1167
F934,38875,33.2923,0.0940
F935,38917,33.2315,0.1320
F936,38958,33.2570,0.1303
F937,39000,33.2733,0.1316
F938,39042,33.2957,0.0954
F939,39083,33.2784,0.1044
F940,39125,33.2746,0.1121
F941,39167,33.2706,0.1241
F942,39208,33.2798,0.0934
F943,39250,33.2303,0.1260
F944,39292,33.2526,0.1255
F945,39333,33.2694,0.1249
F946,39375,33.2916,0.0854
F947,39417,33.2713,0.1056
F948,39458,33.2845,0.1164
F949,39500,33.2741,0.1252
F950,39542,33.2837,0.0861
F951,39583,33.2383,0.1207
F952,39625,33.2622,0.1117
F953,39667,33.2782,0.1172
F954,39708,33.2995,0.0851
F955,39750,33.2821,0.1035
F956,39792,33.2932,0.1081
F957,39833,33.2857,0.1153
F958,39875,33.2965,0.0881
F959,39917,33.2552,0.1079
F960,39958,33.2759,0.1106
F961,40000,33.3183,0.4349
F962,40042,33.3278,0.0391
F963,40083,33.3057,0.0709
F964,40125,33.3204,0.1109
F965,40167,33.3087,0.1168
F966,40208,33.3162,0.0924
F967,40250,33.2557,0.1339
F968,40292,33.2849,0.1405
F969,40333,33.3059,0.1256
F970,40375,33.3278,0.0900
F971,40417,33.3140,0.0967
F972,40458,33.3173,0.0986
F973,40500,33.3114,0.1229
F974,40542,33.3207,0.0827
F975,40583,33.2759,0.1238
F976,40625,33.2970,0.1172
F977,40667,33.3022,0.1265
F978,40708,33.3183,0.0893
F979,40750,33.2976,0.1026
F980,40792,33.3106,0.1073
F981,40833,33.2958,0.1190
F982,40875,33.3048,0.0937
F983,40917,33.2541,0.1150
F984,40958,33.2761,0.1190
F985,41000,33.2942,0.1310
F986,41042,33.3124,0.0925
F987,41083,33.2992,0.0874
F988,41125,33.2988,0.1021
F989,41167,33.2999,0.1150
F990,41208,33.3068,0.0755
F991,41250,33.2799,0.0973
F992,41292,33.2849,0.1081
F993,41333,33.2981,0.1232
F994,41375,33.3119,0.0891
F995,41417,33.2991,0.1022
F996,41458,33.3040,0.0991
F997,41500,33.2955,0.1218
F998,41542,33.3050,0.0779
F999,41583,33.2554,0.1175
F1000,41625,33.2868,0.1263
F1001,41667,33.2920,0.1332
F1002,41708,33.3190,0.0943
F1003,41750,33.3043,0.0972
F1004,41792,33.3130,0.1030
F1005,41833,33.3078,0.1238
F1006,41875,33.3172,0.0850
F1007,41917,33.2841,0.1041
F1008,41958,33.2937,0.1189
F1009,42000,33.3389,0.4316
F1010,42042,33.3513,0.0326
F1011,42083,33.3396,0.0530
F1012,42125,33.3302,0.1138
F1013,42167,33.3203,0.1088
F1014,42208,33.3268,0.0973
F1015,42250,33.2993,0.1222
F1016,42292,33.3099,0.1149
F1017,42333,33.3215,0.1356
F1018,42375,33.3392,0.0954
F1019,42417,33.3194,0.0985
F1020,42458,33.3236,0.1147
F1021,42500,33.3203,0.1170
F1022,42542,33.3323,0.0902
F1023,42583,33.2946,0.1059
F1024,42625,33.3109,0.1293
F1025,42667,33.3238,0.1346
F1026,42708,33.3431,0.0986
F1027,42750,33.3370,0.0878
F1028,42792,33.3432,0.0975
F1029,42833,33.3424,0.1122
F1030,42875,33.3548,0.0872
F1031,42917,33.3393,0.0854
F1032,42958,33.3309,0.0939
F1033,43000,33.3364,0.1100
F1034,43042,33.3552,0.0788
F1035,43083,33.3432,0.0866
F1036,43125,33.3410,0.0885
F1037,43167,33.3389,0.1075
F1038,43208,33.3495,0.0800
F1039,43250,33.3273,0.0989
F1040,43292,33.3290,0.1013
F1041,43333,33.3384,0.1199
F1042,43375,33.3554,0.0833
F1043,43417,33.3434,0.0912
F1044,43458,33.3414,0.0822
F1045,43500,33.3389,0.0965
F1046,43542,33.3498,0.0754
F1047,43583,33.3297,0.0917
F1048,43625,33.3264,0.0988
F1049,43667,33.3329,0.1248
F1050,43708,33.3436,0.0774
F1051,43750,33.3358,0.0806
F1052,43792,33.3393,0.1103
F1053,43833,33.3362,0.1177
F1054,43875,33.3433,0.0809
F1055,43917,33.3190,0.1010
F1056,43958,33.3232,0.1041
F1057,44000,33.3804,0.4298
F1058,44042,33.3934,0.0384
F1059,44083,33.3826,0.0658
F1060,44125,33.3817,0.0925
F1061,44167,33.3656,0.1059
F1062,44208,33.3708,0.1066
F1063,44250,33.3264,0.1189
F1064,44292,33.3358,0.1227
F1065,44333,33.3465,0.1342
F1066,44375,33.3589,0.0956
F1067,44417,33.3484,0.1102
F1068,44458,33.3439,0.1071
F1069,44500,33.3358,0.1241
F1070,44542,33.3468,0.0866
F1071,44583,33.3121,0.1088
F1072,44625,33.3188,0.1140
F1073,44667,33.3313,0.1395
F1074,44708,33.3527,0.0849
F1075,44750,33.3350,0.1077
F1076,44792,33.3414,0.1039
F1077,44833,33.3387,0.1185
F1078,44875,33.3506,0.0844
F1079,44917,33.3202,0.1023
F1080,44958,33.3300,0.1080
F1081,45000,33.3481,0.1278
F1082,45042,33.3799,0.0927
F1083,45083,33.3716,0.0920
F1084,45125,33.3716,0.0842
F1085,45167,33.3643,0.1164
F1086,45208,33.3737,0.0816
F1087,45250,33.3484,0.0862
F1088,45292,33.3386,0.0951
F1089,45333,33.3441,0.1163
F1090,45375,33.3563,0.0831
F1091,45417,33.3401,0.1014
F1092,45458,33.3341,0.1039
F1093,45500,33.3359,0.1153
F1094,45542,33.3425,0.0881
F1095,45583,33.3158,0.1138
F1096,45625,33.3273,0.0999
F1097,45667,33.3402,0.1172
F1098,45708,33.3570,0.0873
F1099,45750,33.3512,0.0924
F1100,45792,33.3554,0.0792
F1101,45833,33.3496,0.1052
F1102,45875,33.3580,0.0758
F1103,45917,33.3327,0.0963
F1104,45958,33.3318,0.0962
F1105,46000,33.4084,0.4262
F1106,46042,33.4473,0.0620
F1107,46083,33.4292,0.0807
F1108,46125,33.4234,0.0776
F1109,46167,33.4095,0.0852
F1110,46208,33.4198,0.0832
F1111,46250,33.3878,0.0858
F1112,46292,33.3655,0.1008
F1113,46333,33.3640,0.1094
F1114,46375,33.3784,0.0901
F1115,46417,33.3469,0.1085
F1116,46458,33.3388,0.1038
F1117,46500,33.3294,0.1188
F1118,46542,33.3368,0.0885
F1119,46583,33.3040,0.1089
F1120,46625,33.3193,0.1099
F1121,46667,33.3329,0.1138
F1122,46708,33.3557,0.0913
F1123,46750,33.3373,0.1101
F1124,46792,33.3511,0.0924
F1125,46833,33.3431,0.1241
F1126,46875,33.3553,0.0837
F1127,46917,33.3015,0.1277
F1128,46958,33.3238,0.1205
F1129,47000,33.3375,0.1249
F1130,47042,33.3606,0.0944
F1131,47083,33.3370,0.1036
F1132,47125,33.3484,0.1067
F1133,47167,33.3373,0.1199
F1134,47208,33.3438,0.0931
F1135,47250,33.2856,0.1240
F1136,47292,33.3030,0.1218
F1137,47333,33.3104,0.1206
F1138,47375,33.3316,0.0877
F1139,47417,33.3036,0.1119
F1140,47458,33.3206,0.1066
F1141,47500,33.3104,0.1117
F1142,47542,33.3207,0.0889
F1143,47583,33.2431,0.1513
F1144,47625,33.2896,0.1381
F1145,47667,33.3094,0.1187
F1146,47708,33.3340,0.0862
F1147,47750,33.3158,0.1000
F1148,47792,33.3247,0.0976
F1149,47833,33.3191,0.1136
F1150,47875,33.3346,0.0794
F1151,47917,33.2869,0.1166
F1152,47958,33.3153,0.1174
F1153,48000,33.3775,0.4291
F1154,48042,33.3945,0.0357
F1155,48083,33.3877,0.0508
F1156,48125,33.3879,0.0862
F1157,48167,33.3753,0.0983
F1158,48208,33.3813,0.1011
F1159,48250,33.3462,0.1000
F1160,48292,33.3416,0.1043
F1161,48333,33.3433,0.1185
F1162,48375,33.3605,0.0911
F1163,48417,33.3386,0.1081
F1164,48458,33.3438,0.1060
F1165,48500,33.3318,0.1179
F1166,48542,33.3371,0.0884
F1167,48583,33.2756,0.1346
F1168,48625,33.3125,0.1437
F1169,48667,33.3402,0.1287
F1170,48708,33.3732,0.0968
F1171,48750,33.3659,0.0889
F1172,48792,33.3679,0.0851
F1173,48833,33.3596,0.1024
F1174,48875,33.3662,0.0890
F1175,48917,33.3272,0.1020
F1176,48958,33.3284,0.0833
F1177,49000,33.3433,0.1149
F1178,49042,33.3640,0.0851
F1179,49083,33.3354,0.1038
F1180,49125,33.3514,0.1024
F1181,49167,33.3481,0.1211
F1182,49208,33.3595,0.0836
F1183,49250,33.3158,0.1211
F1184,49292,33.3454,0.1127
F1185,49333,33.3480,0.1259
F1186,49375,33.3619,0.0814
F1187,49417,33.3393,0.0978
F1188,49458,33.3412,0.0974
F1189,49500,33.3298,0.1135
F1190,49542,33.3366,0.0834
F1191,49583,33.2607,0.1336
F1192,49625,33.3008,0.1373
F1193,49667,33.3159,0.1310
F1194,49708,33.3447,0.1009
F1195,49750,33.3031,0.1089
F1196,49792,33.3198,0.1095
F1197,49833,33.3083,0.1153
F1198,49875,33.3216,0.0949
F1199,49917,33.2520,0.1316
F1200,49958,33.2956,0.1419
F1201,50000,33.3239,0.4422
F1202,50042,33.3405,0.0442
F1203,50083,33.3008,0.0884
F1204,50125,33.3254,0.1243
F1205,50167,33.3106,0.1194
F1206,50208,33.3209,0.1051
F1207,50250,33.2410,0.1558
F1208,50292,33.2928,0.1600
F1209,50333,33.3118,0.1452
F1210,50375,33.3387,0.0988
F1211,50417,33.2960,0.1220
F1212,50458,33.3294,0.1357
F1213,50500,33.3170,0.1315
F1214,50542,33.3239,0.1043
F1215,50583,33.2509,0.1565
F1216,50625,33.2996,0.1614
F1217,50667,33.3195,0.1344
F1218,50708,33.3559,0.1018
F1219,50750,33.3325,0.1191
F1220,50792,33.3394,0.1103
F1221,50833,33.3301,0.1231
F1222,50875,33.3427,0.0883
F1223,50917,33.2868,0.1290
F1224,50958,33.3144,0.1252
F1225,51000,33.3292,0.1316
F1226,51042,33.3584,0.0959
F1227,51083,33.3365,0.1057
F1228,51125,33.3504,0.1029
F1229,51167,33.3400,0.1174
F1230,51208,33.3508,0.0870
F1231,51250,33.3133,0.1164
F1232,51292,33.3304,0.0971
F1233,51333,33.3445,0.1165
F1234,51375,33.3862,0.1105
F1235,51417,33.3647,0.1103
F1236,51458,33.3640,0.0765
F1237,51500,33.3621,0.1072
F1238,51542,33.3788,0.0861
F1239,51583,33.3508,0.1034
F1240,51625,33.3529,0.0896
F1241,51667,33.3615,0.1184
F1242,51708,33.3870,0.0936
F1243,51750,33.3617,0.1001
F1244,51792,33.3619,0.0906
F1245,51833,33.3581,0.1233
F1246,51875,33.3660,0.0857
F1247,51917,33.3287,0.1148
F1248,51958,33.3385,0.1057
F1249,52000,33.3807,0.4232
F1250,52042,33.3995,0.0475
F1251,52083,33.3711,0.0693
F1252,52125,33.3731,0.1096
F1253,52167,33.3686,0.1253
F1254,52208,33.3788,0.0977
F1255,52250,33.3244,0.1245
F1256,52292,33.3351,0.1331
F1257,52333,33.3569,0.1334
F1258,52375,33.3764,0.0983
F1259,52417,33.3501,0.1072
F1260,52458,33.3635,0.1168
F1261,52500,33.3609,0.1178
F1262,52542,33.3781,0.0942
F1263,52583,33.3356,0.1166
F1264,52625,33.3438,0.1125
F1265,52667,33.3603,0.1327
F1266,52708,33.3905,0.0959
F1267,52750,33.3663,0.1052
F1268,52792,33.3728,0.1008
F1269,52833,33.3697,0.1144
F1270,52875,33.3858,0.0902
F1271,52917,33.3458,0.1102
F1272,52958,33.3613,0.1126
F1273,53000,33.3744,0.1313
F1274,53042,33.4164,0.1113
F1275,53083,33.3770,0.1106
F1276,53125,33.3800,0.0924
F1277,53167,33.3742,0.1176
F1278,53208,33.3862,0.0881
F1279,53250,33.3488,0.1147
F1280,53292,33.3509,0.1085
F1281,53333,33.3723,0.1266
F1282,53375,33.4255,0.1152
F1283,53417,33.3971,0.1113
F1284,53458,33.3991,0.0913
F1285,53500,33.3936,0.1199
F1286,53542,33.4088,0.0797
F1287,53583,33.3757,0.1058
F1288,53625,33.3720,0.1040
F1289,53667,33.3802,0.1217
F1290,53708,33.3937,0.0764
F1291,53750,33.3723,0.0990
F1292,53792,33.3762,0.0897
F1293,53833,33.3713,0.1156
F1294,53875,33.3838,0.0790
F1295,53917,33.3539,0.1012
F1296,53958,33.3593,0.0995
F1297,54000,33.4048,0.4155
F1298,54042,33.4296,0.0462
F1299,54083,33.4062,0.0608
F1300,54125,33.4019,0.0903
F1301,54167,33.4008,0.0988
F1302,54208,33.4145,0.0952
F1303,54250,33.3750,0.1112
F1304,54292,33.3788,0.1043
F1305,54333,33.3904,0.1315
F1306,54375,33.4144,0.1066
F1307,54417,33.3920,0.1091
F1308,54458,33.3928,0.0865
F1309,54500,33.3862,0.1148
F1310,54542,33.3976,0.0815
F1311,54583,33.3634,0.1180
F1312,54625,33.3642,0.1180
F1313,54667,33.3842,0.1294
F1314,54708,33.4169,0.1017
F1315,54750,33.4035,0.0992
F1316,54792,33.4021,0.0956
F1317,54833,33.3981,0.1111
F1318,54875,33.4125,0.0890
F1319,54917,33.3848,0.0857
F1320,54958,33.3757,0.0984
F1321,55000,33.3881,0.1153
F1322,55042,33.4386,0.1180
F1323,55083,33.4002,0.1176
F1324,55125,33.4014,0.0905
F1325,55167,33.3979,0.1204
F1326,55208,33.4240,0.0893
F1327,55250,33.3894,0.1012
F1328,55292,33.3895,0.1068
F1329,55333,33.4037,0.1280
F1330,55375,33.4706,0.1350
F1331,55417,33.4299,0.1305
F1332,55458,33.4242,0.0857
F1333,55500,33.4160,0.1049
F1334,55542,33.4610,0.1136
F1335,55583,33.4024,0.1340
F1336,55625,33.3901,0.0996
F1337,55667,33.4008,0.1219
F1338,55708,33.4457,0.1066
F1339,55750,33.4050,0.1168
F1340,55792,33.3998,0.0907
F1341,55833,33.3967,0.1153
F1342,55875,33.4189,0.1061
F1343,55917,33.3778,0.1103
F1344,55958,33.3749,0.1024
F1345,56000,33.4351,0.4296
F1346,56042,33.4565,0.0463
F1347,56083,33.4350,0.0680
F1348,56125,33.4379,0.0944
F1349,56167,33.4281,0.1131
F1350,56208,33.4317,0.0955
F1351,56250,33.3904,0.1174
F1352,56292,33.3932,0.1059
F1353,56333,33.4075,0.1234
F1354,56375,33.4318,0.1060
F1355,56417,33.4065,0.1067
F1356,56458,33.4122,0.0906
F1357,56500,33.4093,0.1181
F1358,56542,33.4230,0.0913
F1359,56583,33.3772,0.1186
F1360,56625,33.3788,0.1200
F1361,56667,33.3885,0.1260
F1362,56708,33.4150,0.1050
F1363,56750,33.3908,0.1186
F1364,56792,33.3975,0.0942
F1365,56833,33.3819,0.1208
F1366,56875,33.3852,0.0898
F1367,56917,33.3295,0.1279
F1368,56958,33.3388,0.1334
