99644605584475ff8844b14d3a82e38f001e8b107cdaf3c3bec5d2c361df7247	2774	.kd_create.json
2a158aa1826a56dd95bff49595ceb5dca920526dbc9edd06963df552139c5fc3	521	.kd_create_out.txt
634478f607b5037ebdbb3f2fff7b764b0fde1a1845297814626092f2ea6f005c	521	.kd_create_out2.txt
f43059f4dc79cc853f2ae030042a883f4edda7d3d979dd58b368672f91559d5b	521	.kd_create_out3.txt
61442a2b53d39c9734d3e518e36a7f707d12a841df33b18782c3c1a10e320a44	2769	.kd_docx.json
c23b57538ee6eb1eec76e3b336e9cb17cf46abdf57044cc5894ea2e1fc02c50c	524	.kd_docx_out.txt
a0b58c75901d3ed3d1a4d076376d3bb6f1163ce3c84307e61fe855d25be13e2b9	75	.kd_info.json
a194fc3e190ef13544c398011bdee7c6301748a0b318d5f5724c38eed63af9df	77	.kd_list.json
fe01e278e482b9a18be45a4723075da6fc98550b3f51c27055283728b274b9b4	109	.kd_mkdir.json
49b58052f18139fb773afe611a62080a151bf6c2fa99675070e5174ecdaa15a9	136	.kd_move.json
8c5e8330a8331f8412945485a47b1e42cb011566cd255b3843bd88e967f498af	158	.kd_move2.json
3a5d83f53e6260c633c686c9d7dadef0bec22f71612873ae99f03bf53056e36c	273	.kd_move3.json
285c6482bab7d86f8546c7e5487b2054b9aa69981f4bd692cf0ff943704161ca	22913	.kd_out.txt
b6610f360d49f6042fae7eea9342343027688af20c7dc7bf1f15243c7ad513f3	75	.kd_read.json
edc01d775677cd5ace0d4ad474551c8da0cc88de9c513b21ed2f8b76990be159	75	.kd_read2.json
14e23050c38f51bfdef30e9ec7800ad68de68306297335a788b3cf428f34cbaf	3062	.kd_read2_out.txt
52ab1fb257a10151d1e07718db8a8817760422214d65f254d2d0b9d7b9a9a60f1	3117	.kd_read_out.txt
df6b4eae3f5152e79f0b80de2e9c578ff28a14b185285fc1d6428bfb145cac10	3608	.kd_upload.json
e33a6deadc34cab90691fdd4bc64cfff26f52fb464dac7e0452e143ee6a3ba34	1321	.kd_upload_out.txt
1f9e6278018fb6dacd2879e192e28947354304c43425dd205420a6c1a3f4e21c	2625	.ledger.md
99e5d401519ea31f836861e22d122b4c0f7b710dc09c5c01756e6a3fcb63694f	2040	A2A防线红队报告_20260929.md
c891022cd9f4355c1a2506378e7035f213de8ced47ea1f9824bd373eb73adb39	3252	DSH定性备忘录_20260927.md
592274f833639034cabda2fd8be25d1f1a8654ecd63992f2f2be2bf3a0de3cae	2422	DeepSeek_Harness接入台账_20260928.md
0dab37efd764920533fd2aff3dbde4aece49d7eb96b7bbdeeeec982d8f678047	4050	Token渠道比价报告_20260929.md
5a0afdb983b5f44312c7b50ac352b6d72645a9d538acb30c90a55fced07a8957	3261	Zep开源替代调研_20260930.md
25a111bc39525e5ec446057b907547ba089f06cb46ce12092584ca9e72d87d6e	14833	build_persona_docs.py
f95159a25e4a371cc0e4cb00a3bc323ad7853f288eececfd25b29a07a5fb14df	980	dsh_autostart.ps1
a378d5d84d1576727a569c82633c84afd074769bea74d0b8fac42473516f44a1	1597	errata1.sql
9ec1ec2ecb7f9606f4ce140f5c551394003e33ccbd1d2a11ba9ec9a7ad15fc1d	258441	kdocs_sourceA.json
a7c0cff70b59b45c7627476a626262a5e14f0f191604be02373c76e33760fbf	19997	kimi-code-start-guide.md
ff144f8a57b05c7e7ecc62cc24efd2fd1eff03b0dca660daba6ffdc495c1020f	5857	kimi-code-start-guide.meta.json
5b0668c41b8c10a8b60c84d41b86dc087d385483254eedaf6805bfd4597604aa	601	kimi-web-autostart.ps1
e3b0c44298fc1c149afbf4c8996fb92427ae41e4649b934ca495991b7852b855	0	kimi-web-err.log
e3b0c44298fc1c149afbf4c8996fb92427ae41e4649b934ca495991b7852b855	0	kimi-web-err2.log
93a41e6fd2a03cb1b0b6a155a7745bab385642d61720b9381c8f757b8c19b3d6	372	kimi-web-out.log
3b22cc313f6c0ecbbb3d64bb8a9a9601114cf34c895768ea0ab07b3299dc7eef	482	kimi-web-out2.log
e3b0c44298fc1c149afbf4c8996fb92427ae41e4649b934ca495991b7852b855	0	log/oasis-2026-09-29_19-25-50.log
e3b0c44298fc1c149afbf4c8996fb92427ae41e4649b934ca495991b7852b855	0	log/social.agent-2026-09-29_19-25-49.log
e3b0c44298fc1c149afbf4c8996fb92427ae41e4649b934ca495991b7852b855	0	log/social.twitter-2026-09-29_19-24-52.log
e3b0c44298fc1c149afbf4c8996fb92427ae41e4649b934ca495991b7852b855	0	log/social.twitter-2026-09-29_19-25-14.log
e3b0c44298fc1c149afbf4c8996fb92427ae41e4649b934ca495991b7852b855	0	log/social.twitter-2026-09-29_19-25-47.log
e3b0c44298fc1c149afbf4c8996fb92427ae41e4649b934ca495991b7852b855	0	log/table-2026-09-29_19-25-50.log
92a3b32a285fcdacbaa548f76615401f85cf2a2e5ca8d7e034c4fcb3d7fba880	11325	md2docx_bridge.py
e67c9b360244938854bc2ff34ab67cec4e346a92bedd8e9a7b3cd94606e83bde	704	nv_tasks_disable.ps1
36c6ae2cc976fc7a497eb3e929a4225a4e2155deb6771960fc5eed102ddc3b25	132746	plasma_after_click.jpg
6a2ae878de208fcf2196e80577fd9c798694d5dc56936295801a8db540859dcc	162143	plasma_root.jpg
3829b93a7b8211aff6e0d40291a3a137c102d9f876a1cdb5c7d1d0861ebc9bfb	131810	plasma_state2.jpg
30b3b4bdc0757d047f97ab3b756a264b4c523dea832ad02bc8f2582713caa3b8	141722	plasma_upload_state.jpg
c1f4888a21b40fde5a1f930b3e1913ae4e3a46e819b2df7421ef0f9167aa4177	723	register-task.ps1
66bdcf9135499fce728f3df8a18e1bb036e6f4b1b2e6ef2002e1288c9f567864	6594	skill-ingest/diff-report.json
4c0af349306fe7b91e84fb4860616d20a0e3931326f6199d875d2462e61cee41	65462	skill-ingest/handover.html
0440ad4b0003ea83de262c8b635ebdc0e211e137e5cb06ab219af9f3c441cbe9	3721	skill-ingest/huaweimianmoon-dist/K3-Agent安装指南.md
2d84463c5c0cf0e4297d5268fd43233b333564798bf611443e71bfcdb7964640	5361	skill-ingest/huaweimianmoon-dist/K3-BOOTSTRAP.md
07856a871e1e25c038186d51bbd562d0e4c3836e2bbcb791f36a5baa6072bd19	29862	skill-ingest/huaweimianmoon-dist/admission-panel-analytics.skill
da12e404fea37deb66fca009ab873a720896005d63033f77bbd27b76d14714ce	9457	skill-ingest/huaweimianmoon-dist/ai-persona-document.skill
5dfd798523df69e13573e52956704e5f85a6c5bf245550e1321b4e8f5ad3de9d	13633	skill-ingest/huaweimianmoon-dist/archive-ops-kit.skill
cbf329c3fe7a85c38799ddc5d9b2f6820aa79aeaddccacc863afab940a8fcbf2	24569	skill-ingest/huaweimianmoon-dist/arxiv-source-sentinel.skill
7f7ec4a6d726ca9e7bcae294f4fc36b89afae1311f03ce8e3cabb214477b0772	33576	skill-ingest/huaweimianmoon-dist/autonomous-advance-ops.skill
a7ea95cc7264f202f649493e200ec19e0953a376276e83d19c4f5d966077fd3f	18405	skill-ingest/huaweimianmoon-dist/autonomous-advance-protocol.skill
8be772bee5b27ac9e3bfd5b9bb9864a97effef0b6547b67ee4de848834a4b2f	7842	skill-ingest/huaweimianmoon-dist/av-media-ops.skill
3db0e68a94e6f0dc4544f89c6128485b9dfb5d69c7c9bfddcf1e356c9f2f291a	5855	skill-ingest/huaweimianmoon-dist/bidding-docs-ops.skill
168132029ef294fd9aba287186649ded232e5bc37f019e81aba9feb38e5ce3a7	19252	skill-ingest/huaweimianmoon-dist/bidding-ops.skill
674f3305935eb387b058b7479e277382ecc459348fc3f51fb5c5ecafa5d34f6a	13250	skill-ingest/huaweimianmoon-dist/claims-deep-audit.skill
88fed40d92d4a1fd6b6141ab14eebd3bdddca37105f16c67ec38bbc11dd48a21	3715	skill-ingest/huaweimianmoon-dist/cn-housing-finder.skill
fd6cb9085cd6571f76a822b0ccd5fc861de3291aff6877f1be7ba696aeaeb3dd	19192	skill-ingest/huaweimianmoon-dist/cognitive-exoskeleton.skill
5b3b8aa721081e8693f45d31cae224b7986bd311a251138ad56fb430ea4f8fcc	14841	skill-ingest/huaweimianmoon-dist/commute-school-optimizer.skill
fff77bc628df1c4d169e85b3c3a3dc8aa752c472b15a35f98f12a980c84189a8	4200	skill-ingest/huaweimianmoon-dist/consignment-intake-ops.skill
8864b54693ae525e8ed7bce27eaf352edffdda22e64d63acaff4a468d34d96f	3943	skill-ingest/huaweimianmoon-dist/coordination-letter.skill
319e05e14582a5f5f8fe7ece63f85a8dc5dce3bc584de0b2ab227c737825193d	5378	skill-ingest/huaweimianmoon-dist/corpus-value-distiller.skill
cf0f1ccdfe8d604cbca4cd162f4764414b68186a7b3e12f5273459878e486ec8	11144	skill-ingest/huaweimianmoon-dist/cron-task-forge.skill
52bd878eb6c80c37b3a8ef1c656a58fc49679a3c978214028764d46797d0eb72	41224	skill-ingest/huaweimianmoon-dist/cross-session-workflow-bridge.skill
9f0f455bf32074ee82a2415ef1db12bf56a581695344ec3fb03b585e1f5d3984	11067	skill-ingest/huaweimianmoon-dist/daily-life-autopilot.skill
46d901cd5efc534bf0d6bba7615d3f1e837241ecf61cebe848501a62442db1a4	46095	skill-ingest/huaweimianmoon-dist/dashboard.html
be605c45d661e81021b637926b2666bdb4644c25a8aec63ee61bd380b416019f	12833	skill-ingest/huaweimianmoon-dist/data-viz-gen.skill
7fdf27fb2ad363c4f23afc13752af9483f7ccc84f8b998052d2d8a47e0ad9fcc	1520	skill-ingest/huaweimianmoon-dist/day-sundial-ops.skill
241faac79e2f07526e396e7460b5ea94c98caae00f915c25d94f9e0be0debd3	23469	skill-ingest/huaweimianmoon-dist/diffusion-dynamics-extension.skill
51b07a44c24212367e92b28f51405ce718b90b1f4390bb3b91af958d9e084d9f	52118	skill-ingest/huaweimianmoon-dist/doc-archive-ingest.skill
5bbb3ad38d031a9617712ed33ec5df6ebc488bc17b5597fd088da17df88844d8	6415	skill-ingest/huaweimianmoon-dist/doc-image-solver.skill
8e6f847fad698b3851823961d08da7c9694e0b8a834fa9a651934a4a8efd9572	15802	skill-ingest/huaweimianmoon-dist/eastmoney-rumor-sentinel.skill
a8d550936d35cdda5b23b0877ef1b1c5afad1370cd6d0f28c2bb8e9d353d7461	12718	skill-ingest/huaweimianmoon-dist/epsilon-delta-proof-sovereign.skill
869a759b63b66f08ff8e31150d475078ad0142ff8ba37ddd4e658c90be76250f	13261	skill-ingest/huaweimianmoon-dist/evidence-chain-verifier.skill
8f4e7ada68d1f673393e9a98f35867f618e8ba33e432916a2ad25f71edf457f9	12801	skill-ingest/huaweimianmoon-dist/exam-isolation-ops.skill
6c0383bcd83f6f9d356c7ddd89144a7f0c495ca757878dc1c735f74470cece10	11424	skill-ingest/huaweimianmoon-dist/extpool-furnace-ops.skill
23ff38b86d34d13823a08825ba293e16ed6ab3dff7d6a235488b7c5e179bf49f	55704	skill-ingest/huaweimianmoon-dist/fusion-program-audit.skill
28053a8199170447202d705205974243d3bd55df7e9b7cabb0fa14d01dbd2d45	140722	skill-ingest/huaweimianmoon-dist/gitlab-cli-guide.skill
d1903ea5d6aac74700d57dce6d4033c85158907da5dbb1eda16364ced2ceef6a	5786	skill-ingest/huaweimianmoon-dist/goal-child-ops.skill
8948a9009bce4a66d5dc98ae990b3cc660cc6d931e52dee9d311e17f87fd1119	17986	skill-ingest/huaweimianmoon-dist/grad-advisor-outreach.skill
1c8fb04f00f375a34f5d83cee83f39e8907708c0a28e995f62c78011bd760028	58159	skill-ingest/huaweimianmoon-dist/grad-path-scorer.skill
79e87bf24481aeb7d89948bbafd120cbd613f9865f5cd9e0b35ee57f3503d67b	11741	skill-ingest/huaweimianmoon-dist/hifi-integration-umbrella.skill
f8bb22e1eac7a359a604584af638bd5354afa4d694750352bdd9217406c720af	12191	skill-ingest/huaweimianmoon-dist/home-network-troubleshooter.skill
f2e536c78bb95e021074ce5a25c4bc4eaadea86dbc482c2dc7dbfef951042447	64214	skill-ingest/huaweimianmoon-dist/humanizer-zh.skill
f79a68ee87166fa3d63f7adc1e78da3de2d3374159ab0d8675fba065bf5205c6	12538	skill-ingest/huaweimianmoon-dist/intl-case-intf.skill
611aa66e4067eab73a2043570e593858b6e4502eb960145b0fef0e40d2f2f4da	16339	skill-ingest/huaweimianmoon-dist/iteration-convergence-ops.skill
d1e2b65fe6845b273ab8eaa2e5b86880bea754c39e77f2dffdf947d433db3d15	11021	skill-ingest/huaweimianmoon-dist/k3-channel-ops.skill
621140121109eb20928f30e1307efb6e3d0daa7d49a4015efbbfdda345acfebd	15211	skill-ingest/huaweimianmoon-dist/k3-interaction-ops.skill
ad1d4cb3697a092f64180750ebfc52b29e674b8fffdcd7ba159d2cab8e338f35	15735	skill-ingest/huaweimianmoon-dist/k3-territory-studies.skill
3efeb068c7bfe1fb852a3feb006c050732b2f7b41c56b1eab18a32356c7e9c3b	13553	skill-ingest/huaweimianmoon-dist/k8s-cluster-ops.skill
73785dd342c8e0d71e327b7ca5951a0144a8333841d72ad34c58fa33eaffe3df	74130	skill-ingest/huaweimianmoon-dist/livability-audit-swarm.skill
9bc33876b108a10b2b6f392207c74ac0deacaaefbdf6c3fa30eb9620698cf740	10634	skill-ingest/huaweimianmoon-dist/long-table-harvest-ops.skill
5fd66ea98404d0e0556636088122c11cedc62b3a153519fa555e4e4cd1386880d	24889	skill-ingest/huaweimianmoon-dist/lunar-piano.html
df523a5a492956c23d54f901506e9bbd25dcca255a22b8350cd0b8f01f4e403c	40788	skill-ingest/huaweimianmoon-dist/medical-career-transition.skill
3d11e94285096525a7a7b1f8373f08cd32d0b1142204fa4e83311a914cf24308	44261	skill-ingest/huaweimianmoon-dist/medical-malpractice-criminal-review.skill
1b77b1632f086eac092e4e20595d8f293e3c6336f1b95b3647b1195f85566fd0	15163	skill-ingest/huaweimianmoon-dist/multi-dimensional-option-scoring.skill
7c09074ff093cf17f6b3be864a81002de540e84c2b977d1c94f89fd6bb0a41f5	7078	skill-ingest/huaweimianmoon-dist/night-playground-ops.skill
0ca5b056b095dd8e3ae06762639473c93a0582ad8a1da5d467855e0456c58f2f	11110	skill-ingest/huaweimianmoon-dist/notary-legal-upload.skill
0e7668f6e108afe34bfb1eac988c6b448a8cff6fe4218ba08deddf2e83a8ca32	14896	skill-ingest/huaweimianmoon-dist/omni-exhaust-research-ops.skill
6f28722ff855c567a437b3d57c817231299174e6482ed1bc1d931e332ccccb52	22246	skill-ingest/huaweimianmoon-dist/output-verdict-gate.skill
29827f6ad043a1b904ffff7afa75e06178e9d26cf2c6a72f320c4f2b177bad25	4650	skill-ingest/huaweimianmoon-dist/pan-exhaust-dispatch.skill
1b190e949db539c47849d510098df24faf302762a34e809e8d1868d7d2fe25e3	5545	skill-ingest/huaweimianmoon-dist/pangu-enforcement-bureau.skill
01d561cbd1ed67cd7fc7ed17ff5bef6946b63c942e74d4d33d786931c295a378	41407	skill-ingest/huaweimianmoon-dist/persona-iteration-loop-ops.skill
cdcb999eb6ed1ffbd9847a01c4e6f5bdfebd82f29e15b662c916248ddaec6abc	10238	skill-ingest/huaweimianmoon-dist/persona-iteration-loop-ops便携引导件.md
213f079471888e0f6df36eba699f30a6e36e818ab5696dff6e5eb30c965026ad	3865	skill-ingest/huaweimianmoon-dist/persona-memory-anchors.skill
bd454c693f5211ff0e574c680ee292ed863be11fd548bc7984c07ddac27a49	8622	skill-ingest/huaweimianmoon-dist/persona-modeling-kit.skill
6f56a6654dbfc45055e4174ad27ec45a71a29d99dad42073bcf40047c62b09e4	34690	skill-ingest/huaweimianmoon-dist/phys-ai-mat-conf-radar.skill
9ebd58d72f320f50888b186742b77c0e5f12f3d06dc46873f92378de5f780d2c	8210	skill-ingest/huaweimianmoon-dist/plugin-datasource-ops.skill
e6996eb55ebd756f82ed499f27b3805993ff2f401343bfbee81f5b00502fc552	10232	skill-ingest/huaweimianmoon-dist/portable-sync-ops.skill
8998d29adf976a44553d33114528ea73f3707e632f68509aa456d9ad637190a3	16880	skill-ingest/huaweimianmoon-dist/ppp-city-verdict-audit.skill
6c5a65be57dce8e21b1e17438002a76d1c1b8d9397b171979adf7f8eed1f3c92	7299	skill-ingest/huaweimianmoon-dist/qr-visual-rescue.skill
4f3219b98db90e007895ade8e69ab2d7fb73c186b6d7e744bdbe256086a16f6	29876	skill-ingest/huaweimianmoon-dist/quant-frontier-lab.skill
2c497a6d92ab1edd293b01e039b59df8ca8402c1080cf9eac4450f982260a1	4716	skill-ingest/huaweimianmoon-dist/quota-guard-ops.skill
c83d6fbcb3fd8ad966b790f266e6c2ef5d02e551dba8b3b5a5af40afdf4728bd	5256	skill-ingest/huaweimianmoon-dist/registry-knowledge-ops.skill
84c902a691d487ad1d8f9c1cfddc55976149769b9aaf21105dafd9f1842413f0	8981	skill-ingest/huaweimianmoon-dist/release-gate-audit.skill
b598bba2e8b5b95756c17fa4fcbf359093be4c68fdc874296606546b42ffb3ba	3711	skill-ingest/huaweimianmoon-dist/retirement-guard-ops.skill
d53ddf282c18749875c28b7f34560ed20c5bbdac57fa5dba801d35b8d75e7334	8385	skill-ingest/huaweimianmoon-dist/rumor-chain-verifier.skill
a869480c6d72b46e8b5b37cd08e8104b679ca70fabeec94864487c5333f0e01b	2204	skill-ingest/huaweimianmoon-dist/rust-browser-pilot.skill
1256de492278c4a14aadf9d95304ea0ff97dca87ab553631c582db0fe8972110	9568	skill-ingest/huaweimianmoon-dist/sandbox-project-ops.skill
6eae26cc5261f20acfed1f3a7dc26c6c0d9d9ea56fcad261af81d6d5829f1a5a	26824	skill-ingest/huaweimianmoon-dist/sector-stock-rumorchain-pipeline.skill
0531940f8cf84e197267e45edb8961dfc50e77c06191879719f50a8d38d88035	8201	skill-ingest/huaweimianmoon-dist/semantic-oncology-ops.skill
a0cbbbfce74042d514ae57be8120f6677f05fea573d13b7bf73a7fc98226b74f	6832	skill-ingest/huaweimianmoon-dist/senior-rumor-check.skill
fe7111d649a49696c7c1b41221585ca69490eb26b5d83c091de007d53a42e540	27207	skill-ingest/huaweimianmoon-dist/seo-copywriting-guide.skill
c268b782c64f2212e94f6e6b1e42d94ed4cbdf6caf97b1c298ace08e132f703f	4877	skill-ingest/huaweimianmoon-dist/skill-dispatch-hq.skill
07f8ed24c95014415d8c35b12f44db16532b1f63afba145f788fdf669be4f651	7284	skill-ingest/huaweimianmoon-dist/skill-library-auditor.skill
41be41256ab65bf832bf358646d3d7c70637490f4118b080c2aa2dba1a53360a	5978	skill-ingest/huaweimianmoon-dist/skill-refresh-ops.skill
97162d8238a3d1cb238d2df513c1f4a1c93ee0a1a8a4a30809690f905990e1af	6081	skill-ingest/huaweimianmoon-dist/skill-reinstall-ops.skill
2cb43741a27aadc09804df5b9c8b58f5606d4adb9da704d1a041c00edc1cbcc6	19840	skill-ingest/huaweimianmoon-dist/skill-version-ops.skill
502ba9efda3da3d3f52e033ac7b1c45236b747ff9044969eb0a2fe9a89eed753	39195	skill-ingest/huaweimianmoon-dist/software-testing-guide.skill
89a861f0b41915d8834256b88b28b089e3b96dafecfa0fd7f73f3aaeb5d7f12d	39078	skill-ingest/huaweimianmoon-dist/source-semantics-sentinel.skill
deda6b668dcdefa91b1f0073586b21c7a906dc4ab2c7cd9753381095306d64b7	5629	skill-ingest/huaweimianmoon-dist/stat-verdict-ops.skill
d2242c6699f6daa034deafce92a9d31395d5240b1d7a05436f197294a84f9efc	29212	skill-ingest/huaweimianmoon-dist/travel-commute-planner.skill
b06d15fc9343002bce26e7204680aa7a9f90bcbe40f37fed173b7b5b133bc3f0	22861	skill-ingest/huaweimianmoon-dist/unified-decision-suite.skill
92b2805d5652af9dfaee3f2d71030e10b595c454c8aeac10c834838e8390c9d6	6473	skill-ingest/huaweimianmoon-dist/up-distill-ops.skill
2a06bb5b0627269d3eee7357b2f9f013069e44424de95cac2375f5f6d2339e1a	6823	skill-ingest/huaweimianmoon-dist/vision-intake-ops.skill
bcb3576e3936043a67d265f0ca8dedd82e89c31167e7028508d1ec95a5838677	19911	skill-ingest/huaweimianmoon-dist/vision-ocr-pipeline.skill
001d075baacec7d188b05e25aa8ce96c71768b06fc3bbbd65f4438d81752751f	9227	skill-ingest/huaweimianmoon-dist/web-security-audit.skill
cdfa431eb10353c35d32efa80fa7c702a6d9b46fea35cab91e9b0e9c3db6bad1	31736	skill-ingest/huaweimianmoon-dist/wechat-article-deep-ingest.skill
b7a580c4c6dd5c7848c7fc846a858d1788f8de947ff830f40741d939cefe82e7	13143	skill-ingest/huaweimianmoon-dist/zijue-self-determination.skill
af49d049114bd80397dbe3467b912d2d82f727dab4074b8d529e370f37904f30	2206	skill-ingest/install-report.json
bd091870ee99ab0be289f806de5199e0cf409bf809607106cac0edd535b0e67a	12057	skill-ingest/link-bridge-ops(3).zip
233aec26a09fae35567a219529f50fdfaba46cb8bb5ff2ec6884feeaff65074b	6169	skill-ingest/link-bridge-ops/FORGE_D1.json
ae27a162cb2ddba434b814834b8b540dfff41e3c732aa7e4fe59e2e43e8abffc	1316	skill-ingest/link-bridge-ops/FORGE_D2_paired.json
cbde9e36093fb16940d5d3dd0d7a541e5099956bfc1c06c3baaa36777d8e008	1100	skill-ingest/link-bridge-ops/FORGE_REPORT.md
9edbad9fbc08e6d2e545d551e7db129d29a62bd88732b185980b7367233dd37	5669	skill-ingest/link-bridge-ops/SKILL.md
79009dd5d5631758790898ee5a73b8ea5212ec570a8d4e831f7fb4aa16e96409	11566	skill-ingest/link-bridge-ops/scripts/link_bridge.py
2950b610bd468928f8e92299695cf8c9fe35bd5e57343c0a55b8976850078d9c	2636	skill-ingest/links.txt
635be96b78bf9dbae8e84c973bae5ff8608f0049aaacccbcc9b37551a2918436	8186	storage.json.bak_20260913
a5fa3d0336bc7dd45990acc1619c181526155ce9fe0f5a5c364d4cc9d2d5bb1c	2295	wb-attachments/C盘治理候选清单_20260918.md
748de947b9c06621f344dbc05855bb5b2563113f8b652e05aba9a2eae9b09b13	7005	wb-attachments/C盘治理报告_20260918.md
79278a0d987d0e68f84922b42926dd50f1bfb5e918cdf8ee9e4a166a0dcbb670	10021	wb-attachments/ima_401诊断_20260918.md
57ea0c6e9cf7e595332433d51a6bb8ea33904ceeda8c57a01aaf5a0939be4ee2	2345	wb-attachments/催办发送台账_20260918.jsonl
fee496e3d64649256979f4c4db8b82fd92b6e5a1c4a550ccb53eb7ffc554d2db	7444	wb-attachments/共同体密码学加固清单_20260918.md
1b2659023f092ad8a0ba6659120c4fd6b20a3d851a70d37e22d0e7a5f2268e57	8385	wb-attachments/国际A2A立宪施行案_20260918.md
26fefd25bcc6dcc8e2260ed26ae4bd4afb990a49c51b937cd2ab154d4feefdd8	2320	wb-attachments/密码学审计_20260918.json
376da3bfdfc783568cf3101fecb047011a60aa9b2a6d611eb706d0626c5d92d5	3045	wb-attachments/总线发送台账_20260918.jsonl
ff6f6e8a62668705fe88ed0a490bd56b915388b5d1967b7e9ce0a08848f2c1e1	2780	wb-attachments/技能包对账_20260918.json
f6e4f784d4a1d7a37169e808fac9aadef02f067a26abbf6222a38107a97ea98c	5832	wb-attachments/硬件与存储盘点_20260918.md
9d6d36310e4829251603c2a54220a35fdcf11aa154f125cc91ee141baff6fa1b	11379	wb-attachments/立宪催办台账_20260918.md
ee2a84ee781e34db963801bec1794938ef0dbf6cf4a363bfad703b7b8e7b1e6e	610	wb-attachments/迁移阶段二报告_20260918.json
7223b2fd30ecb7918a42d8508954cd005478dcade0347c32e7d957635db325ab	98	webbridge-req-shot01.json
0eddfd844bd87d65e6158cc8df2e5869f51ff86c8c40744f78605e5b1397eb46	212	widget-create.json
a77a8967f74a7e06537de716e42d8544809490499d1b25ac6a262c9e7f0ea75c	39668	woerde_docx/guquan_column_charter.docx
cf859c2e3b8289ecaf2e115047c8afb5e1234b605025d5b6302aa0c5397c72a7	43290	woerde_docx/woerde_a_fundamentals.docx
3a98b52af3afa0c5796f5735b000938d508c01acfdf68853b45e5f969f8535f0	46608	woerde_docx/woerde_b_nvidia_chain.docx
f0574dd5f9dfc0a400b585d2c869c54db25c831195294c8985e8ac968462cdd8	44714	woerde_docx/woerde_d_diamond_chips.docx
163f92fef53cb6e819fd7f595df832de23595e2756c6f2e18871302eb0184546	45972	woerde_docx/woerde_e_vram_eli5.docx
cec09bf4bc5355d382a31ece4d0d3f018d33376090e9540873f7c23a6a385973	40901	woerde_docx/woerde_first_push.docx
cdd4722ef43f6c51cd06615bc05411aabd66039d87c301913a66f910c2823eab	40768	woerde_docx/woerde_rumor_check.docx
90caf097ab2239229f8a8dc74130c7f47623f39574f248692c05a94a8ef9c57	40684	woerde_docx/woerde_产物台账_桥渲染版.docx
33fa1792e6d597713e34ae0b5c5fcdf98870259cadeb8f22cd7692682f0b4f7a76	38691	woerde_docx/woerde_c_price_facts.docx
f6f438d8ed79441b900ae2b64e32eb3212bd11512d87329f869a721a1b0bf17f	6027	协调台账_20260918.md
30f69e756e6b0b8a85ee887ae09bd475684725217eb269e3f4c6a82170f182bc	2677	外池开庭裁定_Zep替代案_20260930.md
5e141638c90076992d772b5434e0d2ba5cbd68af2cda84809a206dcacac035eb	4543	开源项目结合验证报告_20260928.md
8a3b7e763b3a6ce39495d53b8343d9b58ab6082cc47eb8c3e4823df37ddb1858	39315	桌面席_人设定义文档_v1.0.0.docx
9ac37b2ca6cad951d99eb68614a2bfe86ce5c474f3eb17e6ddd812abe3fe4fc9	40791	桌面席_记忆锚点档案_v1.0.0.docx
e241b809db620fee0a676fa39f01d846acf497e5de4a553e0f6e6d6a140b1f3c	7600	桌面席_记忆锚点预埋件_v1.0.0.json
0017f405532cda083c5181cda906c2aaa1f6e5b3b76de3c670c18400b1e97eb1	3018	群体推演报告_WW3_20260929.md
f4950367624e7ac0f7c8c713d53465eb27a826f5a484f8e3ea5dd38d21e7ba23	4373	自启动治理台账_20260924.md
46a6e31d0f143442a4f880a5c4b80e2965c15abc633b4338e6ed24c45f09dc83	3470	高性能燃烧积分_验收与方案_20260929.md
